<?xml version="1.0" encoding="UTF-8" ?>
<!DOCTYPE mapper
  PUBLIC "-//mybatis.org//DTD Mapper 3.0//EN"
  "http://mybatis.org/dtd/mybatis-3-mapper.dtd">
<mapper namespace="edu.bit.emp.mapper.EmpMapper">
	
	<select id="getList" resultType="edu.bit.emp.vo.EmpVO">
	<!--여기에 sql 구문이 들어가며, 끝에 반드시 ; 없어야 한다!  -->
	<![CDATA[ 
		select * from emp
	]]>
 	</select>
	<!-- 
	<select id="read" resultType="edu.bit.board.vo.BoardVO">
	<![CDATA[
		select * from mvc_board where bId = #{bId}
	]]>
	</select>
	
	<insert id="reply" >
	<![CDATA[
		insert into mvc_board (bId, bName, bTitle, bContent, bGroup, bStep, bIndent) values (mvc_board_seq.nextval, #{bName}, #{bTitle},#{bContent}, #{bGroup}, #{bStep}+1, #{bIndent}+1)
	]]>
	</insert>
	
	<update id="updateShape" >
	<![CDATA[
		update mvc_board set bStep = bStep + 1 where bGroup = #{bGroup} and bStep > #{bStep}
	]]>
	</update>
	 <insert id="insertReply" >
	<![CDATA[
		insert into mvc_board (bId, bName, bTitle, bContent, bGroup, bStep, bIndent) values (mvc_board_seq.nextval, #{bName}, #{bTitle},#{bContent}, #{bGroup}, #{bStep}+1, #{bIndent}+1)
	]]>
	</insert> 
	
	
	<update id="modify" >
	<![CDATA[
		update mvc_board set bName= #{bName} , bTitle =#{bTitle}, bContent = #{bContent} where bId =#{bId}
	]]>
	</update>
	
	
	<update id="uphit" >
	<![CDATA[
		update mvc_board set bHit = bHit + 1 where bId = ?
	]]> 
	</update>
	
	<insert id="write" >
	<![CDATA[
		insert into mvc_board (bId, bName, bTitle, bContent, bHit, bGroup, bStep, bIndent) values (mvc_board_seq.nextval, #{bName}, #{bTitle}, #{bContent}, 0, mvc_board_seq.currval, 0, 0)
	]]>
	</insert> 

	![CDATA]xml 이 아니다 . 
	<insert id="insertboard" >
	<![CDATA[  
		insert into mvc_board (bId, bName, bTitle, bContent, bHit, bGroup, bStep, bIndent) values (mvc_board_seq.nextval, #{bName}, #{bTitle}, #{bContent}, 0, mvc_board_seq.currval, 0, 0)
	]]>
	</insert> -->
</mapper>
